M,R,Teff,L,Meta,logg,Prot,Age
1.25,1.22,6608,2.146,-0.12,4.359,24.255,0.4
1.441,1.425,6711,3.631,-0.077,4.287,2.56,0.484
1.222132865,1.413283693,6152,2.544,-0.002,4.177,3.6478,0.79
1.345465477,1.924665457,5960,4.52,0.1,4.034,5.5063,0.79
1.280428921,1.263343077,6787,2.762,-0.004,4.104,1.1329,0.79
0.835218162,0.799616397,5087,0.4258,-0.049,4.54,23.6009,0.79
1.151744659,1.102548778,6429,1.709,0.07,4.285,11.2833,0.79
1.150302265,1.219265576,6142,1.833,-0.092,4.336,4.9122,0.79
1.596992532,1.557678643,7744,7.122,0.029,4.081,0.0644,0.79
0.926518654,0.89705864,5490,0.6731,0.02,4.504,9.0139,0.79
0.784274285,0.642960629,5257,0.289,0.057,4.537,9.1156,0.79
1.042402416,1.031362633,5921,1.138,0.016,4.238,7.9323,0.79
0.884664462,0.776172581,5572,0.5122,-0.098,4.484,17.0159,0.79
1.504156245,2.136917858,6445,7.279,0.025,4.12,0.4758,0.79
0.792987618,0.675743484,5195,0.3117,-0.18,4.555,22.6623,0.79
0.892797857,0.846195625,5394,0.5635,-0.126,4.531,9.2312,0.79
0.789122231,0.694474993,5085,0.3126,-0.175,4.555,9.7813,0.79
1.004837373,0.896993386,6055,0.8985,0.07,4.318,6.7847,0.79
1.04370743,1.066586303,5836,1.172,-0.074,4.262,7.1176,0.79
0.778781478,0.721041446,4889,0.3068,0.065,4.587,10.6707,0.79
0.802612738,0.732428868,5055,0.3458,0.157,4.548,12.5389,0.79
0.849456133,0.693812583,5601,0.4066,0.029,4.47,8.4511,0.79
0.920716832,0.890498422,5466,0.654,-0.036,4.506,8.8734,0.79
0.895626653,0.838882295,5441,0.5674,0.004,4.525,7.9621,0.79
0.820773963,0.785889859,5014,0.3954,-0.04,4.55,10.8197,0.79
0.875935148,0.957994546,4916,0.5779,0.084,4.589,10.6285,0.79
0.863394428,0.865457275,5098,0.5093,-0.07,4.562,9.7007,0.79
0.776311663,0.643941801,5182,0.2787,-0.124,4.555,9.1577,0.79
0.835078654,0.800028967,5086,0.4259,-0.069,4.586,10.0064,0.79
0.827375014,0.761333345,5158,0.397,-0.003,4.546,9.4566,0.79
0.986671092,0.883772526,5969,0.8329,-0.012,4.259,7.5631,0.79
0.922152171,0.943306569,5317,0.6867,-0.038,4.534,10.4418,0.79
0.771271519,0.722226631,4817,0.2973,-0.04,4.622,13.7124,0.79
0.993947691,1.046122178,5550,0.9703,-0.02,4.5,8.2423,0.79
1.204356425,1.252157178,6386,2.205,0.023,4.193,2.9618,0.79
0.852312638,0.785734081,5278,0.452,-0.039,4.557,9.0541,0.79
0.728993724,0.602454968,4929,0.2116,0.125,4.579,10.5084,0.79
1.407097383,1.450832551,7060,4.296,-0.009,4.149,0.7522,0.79
1.027902156,0.96635841,6005,1.031,0.012,4.255,6.3818,0.79
1.458912613,2.17660251,6181,6.618,0.021,3.787,4.4134,0.79
1.332543753,1.651944101,6319,3.894,0.068,4.191,1.0631,0.79
0.925649831,0.860519128,5599,0.6497,-0.068,4.473,9.0406,0.79
0.806290644,0.747422115,5030,0.3568,-0.025,4.566,10.3341,0.79
1.41171424,1.794072157,6490,5.09,0.022,4.108,3.6816,0.79
1.134685884,1.248164158,5981,1.778,0.006,4.358,5.5208,0.79
1.015000422,0.966839789,5917,0.9858,-0.012,4.243,8.1225,0.79
0.965953051,0.941883934,5644,0.8095,-0.091,4.462,8.7366,0.79
0.811390279,0.738798502,5107,0.3623,0.061,4.564,13.3008,0.79
0.723752908,0.619933714,4800,0.211,-0.185,4.627,11.7041,0.79
0.960002543,0.908821783,5700,0.7713,-0.056,4.451,8.9347,0.79
0.977952891,0.904714814,5842,0.8212,-0.037,4.312,7.8258,0.79
1.536134491,2.356901986,6319,8.443,0.119,4.062,0.4699,0.79
1.498265614,1.78947318,6913,6.285,0.071,4.072,0.8876,0.79
0.769,0.722,4765,0.3834,-0.1,4.635,22.2923,0.79
1.189839256,1.461056839,5872,2.37,0.083,4.226,1.1779,0.79
0.904210571,0.863498274,5426,0.5989,0.01,4.529,9.0478,0.79
0.853156533,0.821340996,5161,0.4694,-0.031,4.523,12.5998,0.79
1.149263952,1.281513987,5996,1.897,0.06,4.089,4.2552,0.79
0.828569956,0.690499706,5441,0.3709,0.001,4.523,9.5487,0.79
1.18492785,1.5952379,5601,2.492,-0.026,4.214,7.2198,0.79
1.099858699,1.132855873,6032,1.479,-0.049,4.233,5.9093,0.79
1.149550628,1.27946642,6003,1.897,0.03,4.043,3.6691,0.79
1.282806971,1.503223837,6318,3.167,-0.019,4.25,0.9516,0.79
0.829556841,0.810506723,5003,0.4197,-0.008,4.593,9.3682,0.79
0.866007013,0.9213472,4945,0.5392,-0.02,4.601,11.1621,0.79
0.983742205,0.990736055,5630,0.8978,0.0,4.474,9.3952,0.79
1.358796829,1.727124776,6331,4.319,0.021,3.757,1.5882,0.79
1.01363338,1.012979198,5776,1.016,-0.007,4.399,7.9332,0.79
0.900294623,0.907193671,5258,0.6115,-0.256,4.511,9.0884,0.79
1.406625637,1.658449102,6685,4.739,0.042,4.259,0.3535,0.79
0.843110522,0.764118375,5280,0.4262,0.016,4.546,9.6222,0.79
0.922205392,0.914431797,5403,0.6714,0.01,4.529,9.1716,0.79
0.75830963,0.699957755,4786,0.2726,-0.115,4.623,10.8936,0.79
1.688225756,2.69222407,6605,13.07,0.131,4.018,0.0514,0.79
0.764158383,0.648220999,5053,0.2648,-0.278,4.571,9.8695,0.79
1.579355314,2.110986712,6820,8.587,0.046,4.158,0.0587,0.79
1.367480329,1.962616705,6019,4.86,0.048,4.106,0.6848,0.79
0.88845037,0.818912757,5452,0.5414,-0.013,4.517,11.093,0.79
1.246146517,1.482988504,6153,2.827,-0.019,4.161,3.2908,0.79
0.912780029,0.858291542,5508,0.6167,0.029,4.494,8.9246,0.79
1.24838593,1.50055929,6132,2.87,0.081,4.067,0.7856,0.79
0.81012876,0.749730757,5055,0.3639,-0.129,4.572,9.42,0.79
1.331273421,1.515937727,6551,3.638,-0.033,4.163,0.4794,0.79
0.81724396,0.769725369,5043,0.383,-0.068,4.572,10.2967,0.79
0.965376289,0.942570422,5639,0.8087,-0.069,4.465,8.6051,0.79
1.344674767,1.442607408,6759,3.634,-0.028,4.143,2.0297,0.79
0.762326025,0.699171389,4825,0.2778,-0.01,4.607,10.6618,0.79
1.910227196,2.32114799,7879,18.19,-0.006,4.147,0.0545,0.79
1.488005164,2.025980916,6517,6.732,0.026,4.128,9.1745,0.79
0.804674503,0.785505613,4878,0.3675,-0.105,4.603,4.6753,0.79
1.241662333,1.27839858,6541,2.498,-0.012,4.166,2.2942,0.79
1.778128639,2.149174009,7594,13.3,0.029,3.976,1.815,0.79
0.912902982,0.807908022,5679,0.5897,-0.031,4.452,8.4887,0.79
0.777507805,0.661068625,5119,0.2859,-0.076,4.568,9.3611,0.79
1.152512754,1.197439085,6205,1.822,-0.094,4.163,5.8684,0.79
0.873833148,0.810930726,5363,0.5058,-0.07,4.537,9.3863,0.79
1.252591583,1.580848641,6011,3.019,-0.067,4.16,3.0773,0.79
1.422575683,1.806147491,6526,5.259,0.014,3.99,1.12,0.79
1.244243449,1.425979866,6252,2.729,-0.028,4.052,0.8405,0.79
1.353062241,1.648917049,6430,4.107,-0.004,4.137,4.9297,0.79
0.859903917,0.795869486,5304,0.4706,0.024,4.544,9.8752,0.79
1.757670807,2.417025108,7186,13.93,0.046,3.959,13.0114,0.79
1.663143104,1.865657906,7524,9.418,0.026,4.091,0.0435,0.79
0.783123197,0.692601595,5040,0.3041,0.065,4.577,12.1032,0.79
1.302209065,1.464502068,6494,3.277,-0.003,4.188,0.6141,0.79
0.737967767,0.645101017,4824,0.2333,-0.129,4.63,11.6641,0.79
1.013046086,0.967850446,5899,0.9802,-0.139,4.313,10.9104,0.79
0.871666174,0.747474198,5573,0.472,-0.066,4.484,8.9809,0.79
1.263465834,1.52215303,6176,3.026,-0.003,4.186,1.8829,0.79
1.332125985,1.42915368,6720,3.489,0.056,4.141,2.3904,0.79
1.093341307,1.191418784,5852,1.503,0.02,4.402,6.6839,0.79
1.107758977,1.002946481,6423,1.385,0.07,4.275,7.662,0.79
1.10114357,1.152507111,5993,1.504,-0.07,4.246,7.3144,0.79
0.947725521,0.891590487,5664,0.7261,0.014,4.445,9.6739,0.79
0.757980177,0.68414569,4845,0.268,-0.065,4.616,12.3875,0.79
0.855144372,0.795914561,5265,0.4619,-0.126,4.539,11.0069,0.79
0.77504644,0.677262595,5030,0.2882,-0.01,4.568,9.3682,0.79
1.102122637,1.240075248,5795,1.593,-0.044,4.227,10.334,0.79
0.792088191,0.714602611,5032,0.3237,-0.113,4.573,2.4224,0.79
0.793782411,0.718787857,5031,0.3277,-0.203,4.555,9.6362,0.79
1.684476035,2.200646471,7152,11.15,0.049,4.044,0.0587,0.79
0.819542215,0.764638092,5080,0.3846,-0.015,4.562,9.7992,0.79
1.386253632,1.705999944,6504,4.595,0.03,4.222,10.2845,0.79
1.15433714,1.25842644,6077,1.902,-0.137,4.112,3.9402,0.79
1.121454932,1.167380223,6086,1.622,-0.018,4.224,6.8695,0.79
0.923144026,1.014258483,5123,0.7277,0.018,4.55,10.1754,0.79
1.280418663,1.572639259,6178,3.254,-0.003,4.183,0.8984,0.79
1.039424512,1.045340194,5863,1.138,-0.023,4.313,7.9873,0.79
1.215605843,1.294980919,6357,2.338,-0.012,4.19,3.8218,0.79
1.392473768,1.552464497,6797,4.35,-0.019,4.065,0.5125,0.79
1.341513456,1.735419568,6229,4.141,-0.08,4.194,5.9003,0.79
1.240180762,1.376942054,6326,2.629,-0.098,4.185,3.0579,0.79
0.916341819,0.877166961,5475,0.6364,-0.066,4.516,9.1078,0.79
1.282720245,1.50924856,6305,3.176,-0.007,4.028,3.5848,0.79
1.229149717,1.307688463,6407,2.45,-0.033,4.194,0.4142,0.79
1.078695576,1.096019761,5990,1.346,-0.044,4.203,6.8203,0.79
1.379316911,1.700115529,6480,4.5,0.025,4.076,3.6189,0.79
0.991436664,1.009323172,5632,0.9362,-0.01,4.48,8.2856,0.79
0.769622325,0.690365858,4928,0.2845,-0.01,4.582,10.7508,0.79
1.6438518,2.594109242,6524,11.56,0.026,3.856,0.0872,0.79
1.532884461,2.087648806,6641,7.653,0.024,4.084,0.0608,0.79
0.79787892,0.727129791,5034,0.3365,-0.091,4.566,9.7514,0.79
1.31183864,1.728005648,6084,3.808,-0.037,4.195,4.7357,0.79
0.765836688,0.716951029,4788,0.2879,-0.07,4.622,10.6856,0.79
1.28883861,1.730733011,5957,3.579,-0.096,4.264,6.1123,0.79
0.839092451,0.69747193,5501,0.3909,-0.091,4.503,9.0816,0.79
1.028899311,1.179270592,5457,1.201,-0.04,4.521,7.4753,0.79
0.97687589,0.934071398,5746,0.8378,0.023,4.4,4.1844,0.79
1.79384702,2.277213499,7493,14.33,-0.001,4.031,0.0701,0.79
1.146181896,1.135474528,6315,1.717,0.048,4.154,4.8999,0.79
1.120087527,1.181933509,6043,1.629,0.07,4.192,5.9339,0.79
0.840405249,0.805530924,5110,0.4381,-0.084,4.555,7.9021,0.79
0.958202144,0.97426428,5494,0.8066,-0.082,4.453,7.8007,0.79
1.207510575,1.271051442,6363,2.252,-0.012,4.198,3.1433,0.79
0.811947902,0.738840615,5111,0.3627,-0.023,4.568,9.7645,0.79
1.123077698,1.234070332,5941,1.699,-0.094,4.156,5.794,0.79
1.074238055,1.136814921,5859,1.363,0.02,4.425,10.0241,0.79
1.830161094,2.374923633,7516,15.89,0.003,4.051,0.0583,0.79
0.774411177,0.670751062,5050,0.2848,0.082,4.552,8.4193,0.79
1.035554532,1.029620338,5881,1.11,-0.06,4.322,8.7884,0.79
1.217095591,1.427133079,6096,2.525,0.024,4.118,2.5578,0.79
1.567,1.569,6494,3.842,0.165,4.241,8.8,0.802
1.262,1.267,6594,2.301,-0.073,4.333,6.49,0.805
0.98371806,0.92037446,5838,0.8496,-0.08,4.529,11.29,1.0
1.017446373,0.982039314,5889,1.006,-0.24,4.547,10.27,1.0
0.96158465,0.897783029,5746,0.7693,0.21,4.46,10.76,1.0
1.138935368,1.136843395,6268,1.68,0.07,4.429,12.66,1.0
0.967181678,0.927233086,5695,0.804,-0.2,4.564,11.18,1.0
1.044864684,0.989808547,6052,1.112,-0.38,4.368,10.44,1.0
1.100609507,1.069058388,6199,1.42,-0.14,4.454,9.62,1.0
1.221623187,1.426852067,6122,2.556,-0.1,4.471,9.56,1.0
1.506479182,1.938153885,6728,6.804,-0.5,3.426,0.96,1.0
0.940171337,0.940330394,5460,0.7338,-0.18,4.59,11.92,1.0
0.866576496,0.727628828,5608,0.4527,-0.18,4.573,10.73,1.0
1.224293003,1.31913747,6356,2.431,0.02,3.87,5.73,1.0
0.886847818,0.843929865,5355,0.5502,-0.14,4.59,9.98,1.0
1.104583372,0.943782904,6573,1.31,0.36,4.308,9.72,1.0
1.019950301,1.016224667,5811,1.041,-0.36,4.571,10.49,1.0
1.472313029,1.669975307,6982,5.611,-0.5,4.107,1.29,1.0
1.077875212,0.988431081,6274,1.242,-0.1,4.434,11.08,1.0
1.479512619,1.773631356,6851,5.969,0.07,4.228,2.5,1.0
0.886243273,0.832808388,5387,0.5433,-0.18,4.594,10.04,1.0
0.926331399,0.958861905,5303,0.7071,-0.38,4.63,10.75,1.0
0.889643667,0.815927154,5470,0.5421,-0.04,4.57,10.59,1.0
1.107073299,1.05432664,6279,1.435,-0.38,4.489,8.8,1.0
0.96693163,0.879005361,5845,0.7716,-0.28,4.558,10.75,1.0
0.915918561,0.845790159,5574,0.6177,-0.28,4.586,10.9,1.0
0.857082873,0.749104308,5450,0.445,0.07,4.573,11.99,1.0
1.046199528,0.984754735,6075,1.114,-0.16,4.495,10.85,1.0
1.269804251,1.482339008,6284,3.022,-0.24,4.42,9.78,1.0
1.088282231,1.076012545,6103,1.37,-0.2,4.496,10.23,1.0
0.982683303,0.919608914,5831,0.8458,0.0,4.517,10.99,1.0
1.114343984,1.087032885,6240,1.503,-0.16,4.454,9.27,1.0
0.865097474,0.766352805,5450,0.4676,0.07,4.573,10.67,1.0
0.968794513,0.9286534,5704,0.8096,-0.3,4.575,10.75,1.0
1.236439454,1.251429692,6571,2.421,-0.1,4.368,4.82,1.0
1.489154115,1.644453653,7105,5.776,-0.04,3.598,0.92,1.0
1.385884654,1.484040139,6890,4.137,-0.12,4.328,1.6,1.0
1.055723104,0.975048868,6166,1.142,0.16,4.407,10.27,1.0
1.087596878,1.055390794,6153,1.347,-0.14,4.471,10.04,1.0
0.925144308,1.070465884,4987,0.764,-0.62,4.611,11.17,1.0
1.298054583,1.386544792,6623,3.111,0.07,4.355,2.03,1.0
1.038238645,0.966126881,6078,1.068,0.04,4.442,10.82,1.0
1.239189408,1.261025617,6567,2.455,0.16,4.3,4.35,1.0
0.832524373,0.719213676,5360,0.3893,0.26,4.38,10.95,1.0
1.115019238,1.07946897,6263,1.498,-0.22,4.46,8.85,1.0
1.052578606,1.038636452,5970,1.185,-0.18,4.521,10.33,1.0
0.849615385,0.73042502,5459,0.4234,-0.12,4.583,10.74,1.0
0.83843485,0.723953999,5391,0.4012,-0.04,4.538,11.2,1.0
1.104012664,1.113392218,6108,1.48,0.07,4.466,10.32,1.0
1.148294241,1.079304772,6469,1.664,0.07,4.385,8.37,1.0
1.044019065,1.051120995,5880,1.161,-0.06,4.518,11.12,1.0
1.146363639,1.099671995,6404,1.677,-0.24,4.431,9.04,1.0
1.08560516,1.12397526,5964,1.403,-0.22,4.484,10.29,1.0
0.895426913,0.860202846,5367,0.5768,-0.26,4.609,10.82,1.0
0.886373681,0.777650727,5579,0.5161,-0.22,4.58,10.37,1.0
0.762092222,0.650312806,5024,0.2634,-0.16,4.621,11.1,1.0
1.052689753,1.050232628,5940,1.194,-0.42,3.936,11.01,1.0
1.161126523,1.180838761,6296,1.852,-0.36,4.481,7.17,1.0
1.37,1.41,6557,3.532,-0.06,4.274,7.45,1.0
1.330926353,1.42673771,6718,3.474,-0.42,3.95,2.53,1.0
1.10691222,1.054293534,6277,1.434,-0.02,4.417,9.86,1.0
1.077787292,1.010880574,6208,1.263,-0.12,4.454,9.95,1.0
0.969684028,0.897279727,5806,0.7921,-0.04,4.528,11.29,1.0
1.288568715,1.399899581,6547,3.052,-0.14,4.155,1.36,1.0
1.183673626,1.198500336,6388,2.006,-0.28,4.442,6.33,1.0
0.999849355,0.960492637,5830,0.9288,-0.14,4.54,11.23,1.0
0.825941503,0.718537315,5309,0.3777,-0.08,4.588,11.03,1.0
1.012390282,0.983721863,5850,0.9902,0.02,3.993,10.64,1.0
0.942163428,0.965708645,5401,0.755,-0.12,4.527,9.9,1.0
1.050870135,0.96152325,6173,1.112,-0.04,4.447,9.62,1.0
0.975819656,0.96591464,5645,0.8563,0.0,4.549,10.76,1.0
0.962287991,0.888932786,5778,0.7653,0.07,4.531,16.4,1.0
0.975154553,0.919946483,5776,0.8227,-0.18,4.554,11.77,1.0
1.15,1.113,6176,1.542,-0.032,4.405,11.53,1.159
1.264,1.298,6482,2.567,-0.005,4.312,4.91,1.289
1.824,2.658,6475,10.67,0.27,3.849,3.46,1.316
1.142,1.143,6398,1.717,-0.195,4.378,1.4,1.411
1.352,1.455,6682,3.766,-0.024,4.243,1.92,1.413
1.36,1.47,6622,3.565,0.0,4.236,2.25,1.5
1.141,1.153,6435,1.866,-0.233,4.37,8.11,1.5
1.208,1.251,6470,2.402,-0.116,4.324,3.04,1.566
1.381,1.534,6699,4.248,0.045,4.206,1.16,1.575
1.298,1.411,6605,2.588,-0.139,4.251,2.74,1.606
1.5945,2.2381,6479,8.069,0.01,3.9405,5.48,1.6441
1.3879,1.6201,6614,4.562,0.01,4.1608,3.68,1.6573
1.329,1.48,6704,5.015,-0.041,4.222,1.94,1.674
1.522,1.928,6662,6.055,0.008,4.05,6.46,1.696
1.289,1.366,6418,2.624,0.031,4.276,24.55,1.718
1.239,1.271,6265,2.189,0.112,4.322,9.82,1.726
1.3655,1.5939,6642,4.515,-0.08,4.1679,3.64,1.7264
1.636,2.178,6174,6.269,0.216,3.975,13.34,1.727
1.121,1.1215,6067,1.539,-0.1,4.3876,17.542,1.7407
1.688,2.578,6195,9.692,0.157,3.84,5.7,1.817
1.497,1.881,6605,5.943,0.128,4.063,3.43,1.817
1.59,2.295,6476,9.191,0.076,3.916,0.92,1.829
1.201,1.284,6550,2.492,-0.21,4.299,5.02,1.836
1.589,2.313,6488,8.928,0.131,3.905,9.56,1.851
1.464,1.781,6572,6.039,0.16,4.101,3.99,1.87
1.281,1.379,6431,2.29,0.03,4.266,12.04,1.888
1.3,1.42,6568,3.494,-0.1,4.243,20.33,1.9
1.44,1.64,6831,4.73,-0.06,4.165,3.66,1.9
1.34,1.48,6520,3.592,-0.11,4.221,4.16,1.9
1.06,1.0,5875,0.953,0.07,4.463,12.1,1.9
1.544,2.173,6499,6.936,-0.03,3.952,3.7,1.921
1.5619,2.1949,6278,6.969,-0.05,3.9485,11.3,1.9241
1.47,1.819,6530,5.568,0.16,4.085,9.42,1.938
1.565,2.275,6446,8.627,0.131,3.915,4.86,1.955
1.228,1.426,6463,3.204,-0.071,4.219,5.274,1.966
1.596,2.393,6341,8.587,-0.014,3.877,5.76,1.977
1.512,1.967,6421,5.368,0.071,4.03,4.62,1.993
1.6081,2.1646,6132,6.691,-0.23,3.9732,18.6,2.0082
1.486,2.858,6422,12.69,-0.362,3.697,5.82,2.059
1.515,2.092,6437,7.406,0.125,3.973,4.82,2.069
1.56,2.0,6728,5.431,0.0,4.03,11.23,2.1
1.465,1.923,6492,6.678,0.051,4.035,2.88,2.109
1.5,2.081,6446,6.152,0.088,3.972,11.21,2.121
1.237,1.33,6374,2.588,-0.014,4.282,8.59,2.122
1.503,2.836,6319,11.41,-0.272,3.709,11.38,2.13
1.538,2.218,6308,7.653,0.054,3.932,3.81,2.165
1.299,1.511,6601,3.72,-0.101,4.192,3.86,2.181
1.493,2.866,6252,11.63,-0.124,3.697,18.4,2.192
1.39,1.64,6892,4.548,-0.23,4.151,2.17,2.2
1.538,2.814,6236,12.97,0.011,3.725,3.92,2.218
1.436,1.922,6491,5.503,0.11,4.027,6.18,2.249
1.458,2.087,6417,6.696,-0.155,3.962,10.13,2.261
1.208,1.322,6452,2.788,-0.12,4.276,4.23,2.285
1.6,2.29,6788,9.2,-0.28,3.919,6.24,2.3
1.4798,1.9901,6235,5.619,-0.2,4.0101,11.36,2.3247
1.238,1.359,6325,2.671,-0.005,4.264,20.85,2.325
1.508,2.024,6214,5.275,0.255,4.003,11.57,2.326
1.444,2.0,6409,5.875,-0.006,3.994,10.58,2.34
1.355,1.573,6392,3.725,0.128,4.176,4.04,2.352
1.326,1.564,6470,4.039,0.029,4.171,3.37,2.409
1.455,2.041,6352,6.585,0.014,3.98,7.84,2.414
1.147,1.158,6078,1.666,0.106,4.37,14.81,2.421
1.4772,1.9481,6193,5.3,-0.041,4.0279,12.89,2.4261
1.437,2.55,6432,10.5,-0.129,3.782,5.12,2.435
1.347,1.738,6558,5.057,-0.152,4.087,4.47,2.443
1.315,1.537,6438,3.949,0.049,4.183,3.18,2.45
1.454,2.049,6350,5.834,0.075,3.976,5.23,2.465
1.416,2.362,6594,9.847,-0.181,3.848,7.09,2.467
1.418,1.932,6400,6.589,0.028,4.015,9.01,2.474
1.467,2.688,6155,9.718,-0.035,3.746,20.34,2.493
1.516,2.62,6188,14.21,0.15,3.781,6.67,2.499
1.248923819,1.813739035,5927,0.8876,-0.46,4.016,21.23,2.5
1.226650166,1.138911676,6423,1.161,-0.08,4.383,18.19,2.5
1.209890248,1.040484532,6475,7.246,-1.54,4.452,4.44,2.5
1.095224685,0.97879947,6123,1.251,-0.14,4.472,18.7,2.5
1.053351422,0.922930565,6038,1.214,-0.22,4.508,21.75,2.5
0.999934581,0.857227336,5931,1.608,-0.34,4.554,17.41,2.5
1.055281042,0.922478977,6046,2.234,-0.2,4.509,13.89,2.5
0.997576351,0.841216706,5944,12.51,-0.46,4.568,5.42,2.5
1.206911162,1.127168681,6363,3.29,0.21,4.386,4.9,2.5
0.96745931,0.943239635,5688,1.02,0.48,4.468,21.29,2.5
0.930917665,0.863378603,5663,2.579,0.21,4.53,18.19,2.5
1.301754115,1.514771779,6350,1.835,0.56,4.173,17.36,2.5
1.181603307,0.967989883,6458,7.263,-1.8,4.502,5.06,2.5
0.96458598,0.872595619,5778,1.284,0.07,4.531,21.29,2.5
1.186588858,1.055475588,6369,3.283,-1.54,4.433,6.36,2.5
0.942410919,0.836257648,5745,0.972,-0.2,4.559,18.4,2.5
1.176420462,1.375973423,6000,0.5852,-0.7,4.218,20.82,2.5
1.192101377,0.942924438,6529,8.074,-1.76,4.526,4.81,2.5
0.917056648,0.782771732,5732,1.496,-0.56,4.605,18.33,2.5
1.179823178,1.075314938,6321,1.328,0.07,4.417,18.3,2.5
1.147734669,0.884263424,6444,10.36,-1.92,4.566,4.78,2.5
1.10156768,0.948201865,6187,2.882,-0.32,4.499,18.0,2.5
1.15843675,1.052369469,6268,4.769,0.07,4.429,11.87,2.5
1.124751556,1.130125017,6053,1.751,0.46,4.364,19.62,2.5
0.862892348,0.861875397,5410,0.4244,-0.26,4.514,23.28,2.5
0.776737136,0.711080059,5327,0.3167,-0.5,4.646,21.98,2.5
0.988526727,0.964334402,5740,1.124,0.48,4.456,21.25,2.5
1.18594214,1.049653582,6373,7.582,-0.24,4.438,7.01,2.5
0.831179354,0.73911034,5481,0.6726,-0.5,4.629,21.54,2.5
1.429,1.896,6317,5.469,0.138,4.036,7.51,2.511
1.404,2.753,6210,8.503,-0.226,3.706,21.61,2.531
1.477,2.61,6211,9.85,0.052,3.772,14.8,2.546
1.263,1.472,6444,3.568,-0.065,4.203,23.6,2.579
1.425,1.84,6262,4.758,0.219,4.061,8.98,2.583
1.55,2.34,6630,8.694,-0.04,3.89,5.66,2.6
1.344,1.693,6433,4.083,-0.028,4.109,6.68,2.605
1.262,1.425,6333,3.188,0.057,4.23,6.79,2.624
1.378,1.896,6437,9.234,-0.106,4.017,3.24,2.642
1.3,1.726,6578,3.12,-0.251,4.076,11.2,2.649
1.22,1.388,6343,2.854,-0.016,4.239,7.873,2.649
1.399,1.917,6278,5.158,-0.049,4.018,10.68,2.742
1.321,1.656,6407,4.198,-0.033,4.12,11.88,2.746
1.305,1.709,6488,3.867,-0.167,4.087,11.44,2.748
1.3,1.559,6374,3.626,0.018,4.165,10.21,2.748
1.385,2.475,6343,11.52,-0.157,3.791,7.45,2.76
1.354,2.341,6503,10.56,-0.244,3.83,4.32,2.788
1.444,1.981,6119,5.599,0.148,3.999,15.46,2.795
1.43,1.92,6856,6.537,-0.12,4.029,4.25,2.8
1.27,1.48,6495,3.473,-0.02,4.198,7.98,2.8
1.373,2.342,6438,8.356,-0.152,3.836,16.49,2.804
1.378,2.619,6182,11.38,-0.209,3.739,5.43,2.808
1.339,1.789,6407,4.628,-0.125,4.059,5.19,2.809
1.291,1.775,6550,5.837,-0.307,4.048,10.34,2.812
1.37,1.711,6246,4.782,0.195,4.107,3.55,2.818
1.336,2.142,6601,8.646,-0.264,3.903,16.54,2.828
1.322,1.657,6345,4.239,0.025,4.12,6.55,2.875
1.202,1.313,6270,2.397,-0.045,4.281,23.147,2.877
1.214,1.364,6306,2.682,-0.004,4.251,7.96,2.903
1.403,1.905,6174,4.74,0.14,4.019,14.69,2.947
1.271,1.64,6432,6.48,-0.187,4.111,3.17,2.965
1.23,1.765,6923,6.189,-0.584,4.033,12.52,3.003
1.39,1.877,6130,4.252,-0.019,4.033,20.23,3.011
1.349,1.767,6227,4.012,0.092,4.073,11.24,3.041
1.389,2.291,6277,8.698,-0.004,3.859,5.53,3.052
1.272,1.424,6169,2.655,0.131,4.234,7.88,3.054
1.119,1.183,6178,1.909,-0.056,4.341,5.42,3.072
1.363,2.122,6321,6.879,0.17,3.92,17.05,3.084
1.34,1.64,6356,4.22,0.1,4.131,10.97,3.1
1.5,2.34,6322,9.416,0.14,3.863,6.59,3.1
1.35,1.74,6506,4.674,0.07,4.08,11.74,3.1
1.302,2.112,6501,7.422,-0.297,3.903,12.37,3.103
1.298,1.746,6359,4.715,-0.123,4.063,14.59,3.112
1.416,2.477,5990,7.756,0.129,3.8,18.79,3.113
1.237,1.448,6285,3.143,-0.011,4.207,6.76,3.125
1.271,2.054,6594,6.876,-0.397,3.916,16.18,3.146
1.39,1.92,6606,6.48,0.0,4.008,3.25,3.2
1.252,1.482,6241,2.704,0.039,4.193,12.75,3.209
1.326,2.11,6370,6.862,-0.118,3.912,10.62,3.273
1.38,1.95,6520,5.685,0.0,3.988,11.3,3.3
1.43,2.27,6836,11.33,0.1,3.885,4.38,3.3
1.338,2.285,6237,8.655,-0.136,3.845,12.63,3.302
1.132,1.312,6435,2.61,-0.294,4.255,6.52,3.334
1.206,1.378,6211,3.33,0.038,4.24,21.5,3.355
1.315,1.663,6129,3.486,0.137,4.114,14.09,3.398
1.46,2.6,6350,11.16,-0.08,3.776,4.87,3.4
1.38,1.96,6482,6.917,0.06,3.99,2.43,3.4
1.38,1.82,6237,14.37,-0.18,4.059,9.28,3.4
1.272,1.706,6279,4.404,-0.074,4.074,17.99,3.424
1.362,2.248,6132,6.92,0.06,3.868,11.6,3.426
1.362,2.187,6166,7.67,0.073,3.893,12.99,3.433
1.276,1.621,6182,3.351,0.025,4.123,15.22,3.483
1.347,2.176,6176,6.423,0.049,3.891,18.86,3.502
1.26,1.54,6250,2.947,-0.22,4.163,10.39,3.6
1.3,1.71,6386,3.678,-0.26,4.082,22.56,3.6
1.2,1.466,6270,3.507,-0.11,4.184,8.29,3.605
1.251,1.872,6438,6.784,-0.23,3.994,14.17,3.608
1.138,1.401,6464,2.627,-0.361,4.199,12.1,3.635
1.305,2.084,6234,6.828,-0.042,3.915,16.77,3.64
1.328,2.144,6146,7.205,0.032,3.898,13.94,3.684
1.36,1.83,6186,4.448,0.06,4.045,9.89,3.7
1.38,2.26,6358,6.502,-0.14,3.877,23.78,3.7
1.31,2.062,6200,7.654,0.001,3.926,17.82,3.735
1.251,1.741,6282,4.304,-0.136,4.052,15.48,3.778
1.4,2.4,6349,9.553,-0.16,3.829,6.44,3.8
1.35,1.97,6329,6.241,0.06,3.979,12.88,3.8
1.4,2.37,6222,15.06,0.0,3.849,9.03,3.8
1.274,1.637,6074,3.745,0.11,4.111,12.31,3.834
1.275,1.588,6029,2.911,0.158,4.141,14.4,3.858
1.25,2.08,6242,7.12,-0.267,3.898,20.5,3.873
1.069,1.164,6198,2.195,-0.185,4.335,4.85,3.876
1.37,1.94,6157,4.666,0.02,4.001,16.55,3.9
1.37,2.05,6215,6.234,0.06,3.955,12.93,3.9
1.39,1.99,6112,5.484,0.05,3.985,12.9,3.9
1.204,1.781,6422,4.92,-0.17,4.017,5.39,3.921
1.37,2.49,6225,9.337,-0.22,3.78,4.81,4.0
1.221,1.511,6111,2.801,0.024,4.164,26.83,4.007
1.194,1.822,6390,5.208,-0.161,3.993,23.4,4.027
1.293,2.014,6122,5.939,0.03,3.941,26.6,4.032
1.212,1.917,6319,4.764,-0.304,3.954,11.45,4.063
1.1696,1.4026,6179,2.589,-0.08,4.2116,9.39,4.1196
1.213,1.893,6298,5.317,-0.268,3.965,10.04,4.124
1.186,1.783,6374,5.549,-0.337,4.009,7.65,4.131
1.285,1.858,6122,5.266,0.12,4.013,10.96,4.182
1.18764262,1.389826674,5998,2.267,-0.189,4.256,16.315092,4.2
0.901022473,0.851990228,5439,0.5858,-0.188,4.519,31.8,4.2
0.933562262,0.915357615,5486,0.7023,-0.243,4.515,26.9,4.2
0.811574132,0.735511402,5120,0.3613,-0.24,4.584,26.29862,4.2
1.269108381,1.623930273,6026,3.23,-0.172,4.248,21.175186,4.2
1.074544862,1.181439253,5754,1.404,-0.26,4.431,33.39141,4.2
1.212582895,1.429991192,6063,2.495,-0.21,4.235,27.37694,4.2
1.42322764,2.112571632,6092,5.923,-0.071,4.184,15.325387,4.2
1.292797819,1.568460706,6253,3.361,-0.156,4.182,17.85796,4.2
1.010961406,0.97479972,5865,0.9783,-0.281,4.395,26.9,4.2
0.930866664,0.916524739,5463,0.6945,-0.191,4.519,36.169304,4.2
1.074379444,1.069866951,6030,1.303,-0.334,4.323,16.451483,4.2
1.20607515,1.41974456,6048,2.435,-0.235,4.268,44.79183,4.2
0.918971832,0.812800363,5708,0.6067,-0.305,4.464,24.018032,4.2
1.162844679,1.249958259,6147,1.943,-0.205,4.239,10.161054,4.2
1.363422444,1.768228853,6289,4.445,-0.092,4.179,16.88994,4.2
1.187425927,1.28311173,6221,2.135,-0.17,4.233,14.60694,4.2
1.24941337,1.427421609,6276,2.772,-0.142,4.236,8.107582,4.2
1.174149875,1.342338797,6016,2.121,-0.195,4.249,30.159342,4.2
1.023456331,1.181169059,5416,1.179,-0.281,4.527,41.695,4.2
1.122291405,1.178666911,6064,1.638,-0.277,4.272,31.479721,4.2
1.300682669,1.564073101,6303,3.429,-0.058,4.119,19.650553,4.2
0.886367955,0.88417013,5222,0.5679,-0.247,4.571,15.401137,4.2
1.31054036,1.693767707,6133,3.739,-0.172,4.245,10.920813,4.2
1.374400459,1.866929825,6193,4.764,-0.121,4.148,24.831526,4.2
0.783338236,0.68535909,5071,0.302,-0.151,4.583,23.041183,4.2
0.754362335,0.660641853,4912,0.2572,-0.196,4.614,28.78926,4.2
1.216526716,1.411349612,6124,2.501,-0.26,4.252,21.332241,4.2
1.231521002,1.520603323,6001,2.761,-0.239,4.29,26.024057,4.2
0.874896083,0.910447216,5048,0.5538,-0.231,4.583,26.428741,4.2
1.188519963,1.416392962,5951,2.306,-0.229,4.357,15.445672,4.2
1.337800845,1.735766891,6209,4.099,-0.127,4.211,27.138493,4.2
1.021498722,0.964428899,5967,1.006,-0.474,4.366,19.933409,4.2
1.104890989,1.078520987,6203,1.449,-0.694,4.208,27.991806,4.2
0.951271582,0.990442634,5397,0.7957,-0.231,4.532,16.042093,4.2
0.881388119,0.896193712,5144,0.5624,-0.247,4.574,15.898846,4.2
0.860288227,0.819268754,5227,0.4815,-0.201,4.561,31.1,4.2
0.74906791,0.638776498,4954,0.244,-0.151,4.604,27.887417,4.2
1.328877564,1.703595476,6214,3.947,-0.116,4.227,29.035177,4.2
1.116786095,1.136956223,6129,1.566,-0.229,4.226,28.591131,4.2
0.797879302,0.727107194,5034,0.3374,-0.091,4.588,21.542715,4.2
1.119568532,1.162698541,6084,1.607,-0.27,4.273,12.749169,4.2
0.972147787,0.927088167,5732,0.8188,-0.191,4.443,13.839223,4.2
0.830287206,0.780887711,5110,0.4102,-0.175,4.574,21.907183,4.2
1.396091839,1.823549665,6367,4.95,-0.109,4.194,12.272136,4.2
1.384310147,2.095256975,5923,5.331,-0.071,4.287,33.21344,4.2
1.004298966,0.940304741,5918,0.9288,-0.306,4.38,31.4,4.2
1.273675844,1.552182567,6178,3.162,-0.206,4.231,0.180235,4.2
1.400787795,1.956824929,6194,5.286,-0.079,4.186,14.409911,4.2
1.053829006,1.042120075,5969,1.192,-0.36,4.342,24.4,4.2
1.453747043,1.881938218,6562,5.862,-0.041,4.128,7.942202,4.2
1.32992206,1.828088805,6022,4.171,-0.111,4.151,26.673843,4.2
1.359786415,1.91293895,6050,4.669,-0.146,4.178,0.220718,4.2
1.197128886,1.323053518,6191,2.248,-0.235,4.229,26.923534,4.2
0.941155708,0.910873401,5557,0.7204,-0.343,4.504,31.16486,4.2
1.015158097,1.188909385,5341,1.151,-0.202,4.53,30.5,4.2
1.002419925,0.932931391,5928,0.9182,-0.225,4.315,31.2,4.2
1.394876842,2.0284191,6065,5.346,-0.106,4.184,26.99079,4.2
0.905017149,1.066663981,4842,0.7038,-0.148,4.621,14.332579,4.2
1.182157271,1.299241512,6154,2.121,-0.195,4.252,18.9,4.2
1.168525763,1.27249707,6132,2.003,-0.235,4.252,18.1,4.2
0.999417352,1.15182577,5322,1.063,-0.145,4.539,21.843191,4.2
1.177844582,1.334539864,6055,2.136,-0.244,4.255,10.292516,4.2
1.337182303,1.74988694,6183,4.116,-0.092,4.18,25.933805,4.2
0.954971148,1.027923532,5321,0.8301,-0.236,4.547,29.057743,4.2
0.930701327,0.886140968,5556,0.6768,-0.191,4.492,24.9,4.2
1.230700658,1.475118157,6080,2.695,-0.212,4.278,19.609331,4.2
1.262004678,1.537215346,6142,3.037,-0.222,4.273,22.175295,4.2
1.316911043,1.698424265,6159,3.812,-0.091,4.183,34.34216,4.2
1.197316315,1.413114212,6010,2.362,-0.224,4.268,35.248665,4.2
0.849931154,0.826799541,5116,0.4648,-0.243,4.585,27.197714,4.2
1.139269691,1.17618686,6174,1.725,-0.229,4.225,36.594093,4.2
0.963105934,1.001571189,5453,0.8391,-0.256,4.516,28.990154,4.2
1.15000248,1.251120492,6067,1.868,-0.221,4.236,27.001307,4.2
0.753032,0.666531274,4875,0.2572,-0.191,4.617,19.547821,4.2
1.100433261,1.179624261,5925,1.527,-0.209,4.319,25.790697,4.2
1.020534029,0.517297493,7696,0.6303,0.055,4.091,22.01035,4.2
1.352556481,1.880069085,6061,4.524,-0.077,4.288,24.108343,4.2
0.967285798,0.99689013,5494,0.8492,-0.601,4.552,23.475168,4.2
1.184682352,1.235676774,6309,2.057,-0.17,4.221,19.049852,4.2
1.430896247,2.127231436,6110,6.067,-0.091,4.142,32.073803,4.2
1.196988103,1.38304037,6068,2.324,-0.126,4.244,16.365076,4.2
1.093398608,1.109339473,6052,1.425,-0.227,4.266,32.128925,4.2
1.165790922,1.278674733,6101,1.994,-0.197,4.241,15.072102,4.2
1.029180461,1.059911264,5756,1.11,-0.236,4.443,23.83431,4.2
1.416291159,2.11897901,6050,5.835,-0.091,4.164,20.468094,4.2
1.115909746,1.298534605,5756,1.725,-0.183,4.414,26.169773,4.2
0.971069758,0.922851591,5739,0.8131,-0.271,4.44,26.07603,4.2
1.23281156,1.569549845,5920,2.838,-0.094,4.072,25.131956,4.2
0.782970315,0.690326989,5045,0.3031,-0.328,4.604,24.732971,4.2
0.739347361,0.634808144,4882,0.232,-0.191,4.608,30.7,4.2
1.136419774,1.141218498,6242,1.672,-0.204,4.237,18.161554,4.2
1.240332052,1.471328221,6141,2.763,-0.147,4.226,27.099155,4.2
1.090645146,1.131158436,5979,1.433,-0.259,4.316,27.991806,4.2
1.034198301,1.029018219,5873,1.104,-0.26,4.382,25.1,4.2
0.816449013,0.821652841,4855,0.4007,-0.051,4.604,34.5,4.2
1.266895836,1.50261817,6231,3.029,-0.137,4.219,11.082663,4.2
1.078837342,1.215164184,5703,1.454,-0.198,4.437,29.102978,4.2
1.423163082,2.026091993,6209,5.74,-0.064,4.126,29.40047,4.2
0.940079902,0.83470208,5789,0.6707,-0.446,4.438,28.8,4.2
0.803739788,0.77001249,4925,0.3614,-0.182,4.616,24.378206,4.2
0.971584155,0.911794965,5776,0.8065,-0.256,4.42,14.999545,4.2
1.231676282,1.464557978,6106,2.686,-0.271,4.268,12.203753,4.2
1.385889477,1.92103295,6172,5.015,-0.087,4.193,20.008078,4.2
0.857599526,0.801344755,5265,0.4691,-0.233,4.553,31.506247,4.2
1.322946651,1.764143236,6086,3.988,-0.122,4.185,12.83671,4.2
1.096355666,1.089045977,6122,1.419,-0.259,4.254,26.096712,4.2
1.261285587,1.50048534,6205,2.977,-0.172,4.237,6.463573,4.2
0.936817056,0.905109246,5541,0.7047,-0.255,4.499,40.652348,4.2
0.907915353,0.853438126,5486,0.6032,-0.191,4.502,29.057743,4.2
1.397496155,1.926693046,6222,5.18,-0.061,4.183,18.276964,4.2
0.877,0.756,4777,0.5329,-0.156,4.633,30.4,4.2
1.315316053,1.717215741,6121,3.828,-0.106,4.168,29.171095,4.2
0.832042595,0.793434014,5084,0.4182,-0.215,4.59,31.666346,4.2
1.09890525,1.146728327,5994,1.488,-0.303,4.346,19.079012,4.2
1.27016482,1.552254565,6158,3.131,-0.137,4.226,10.289683,4.2
1.253111439,1.630490349,5927,3.095,-0.161,4.281,12.125143,4.2
0.97305584,1.064097508,5355,0.9111,-0.21,4.509,33.601463,4.2
1.117243505,1.229281765,5915,1.663,-0.212,4.316,34.37373,4.2
1.357293364,1.771611893,6252,4.383,-0.092,4.158,34.532463,4.2
1.017783623,1.064808238,5667,1.07,-0.225,4.464,26.9,4.2
1.050761556,1.291300067,5351,1.385,-0.542,4.582,0.99905,4.2
1.292768562,1.402395897,6564,3.092,-0.101,4.145,25.73744,4.2
1.264584539,1.587886937,6064,3.135,-0.193,4.085,25.199709,4.2
1.408269479,2.1804907,5931,5.837,-0.088,4.291,6.526756,4.2
1.290002678,1.682258177,6042,3.511,-0.106,4.184,5.17314,4.2
1.257214382,1.42508843,6325,2.833,-0.147,4.201,26.114939,4.2
0.962254956,1.068718421,5267,0.8782,-0.231,4.547,32.977497,4.2
1.039338711,1.013581647,5950,1.112,-0.265,4.354,7.476908,4.2
1.190500786,1.321396105,6157,2.202,-0.216,4.239,20.64895,4.2
0.913999992,0.897224325,5394,0.641,-0.206,4.533,21.393269,4.2
0.935966424,0.913107323,5511,0.7074,-0.256,4.502,24.235989,4.2
0.786322008,0.758506512,4816,0.3295,-0.151,4.624,30.3,4.2
1.205502982,1.324701452,6236,2.308,-0.155,4.24,27.538248,4.2
1.247,1.968,6146,5.592,-0.08,3.945,14.48,4.247
1.217,1.574,6225,3.305,-0.089,4.129,7.553,4.262
1.17,1.52,6271,2.733,-0.38,4.141,7.3,4.3
1.219,1.516,6006,2.732,0.112,4.161,16.02,4.373
1.235,1.585,6000,2.923,0.143,4.125,15.12,4.38
1.212,1.822,6220,4.637,-0.143,3.998,9.59,4.399
1.068,1.139,5995,1.78,-0.015,4.352,22.25,4.491
1.174,1.526,6109,2.746,-0.126,4.14,15.41,4.499
1.28,1.79,6074,3.998,-0.06,4.03,6.22,4.5
1.062,1.084,5770,1.13,0.185,4.393,26.26,4.53
1.227,1.984,6065,5.635,-0.099,3.932,18.35,4.557
1.12,1.41,6282,4.057,-0.58,4.188,8.8,4.6
1.11,1.326,6160,2.205,-0.108,4.239,17.81,4.722
1.162,1.372,5998,2.257,0.2,4.228,17.64,4.743
1.228,1.733,6069,4.124,0.085,4.054,11.53,4.769
1.178,1.479,6011,3.222,-0.002,4.168,11.99,4.779
1.09,1.3,6214,2.381,0.18,4.246,7.78,4.8
1.192,1.69,6158,3.883,-0.023,4.059,12.38,4.837
1.25,2.18,5983,2.899,-0.04,3.859,27.91,4.9
1.081,1.324,6248,3.585,-0.27,4.227,28.95,4.912
1.19,1.645,6073,2.924,-0.072,4.084,22.88,4.919
1.168,2.014,6074,5.216,-0.314,3.896,21.07,4.924
1.142,1.902,6147,5.527,-0.337,3.937,20.31,5.085
1.22,1.546,5817,2.651,0.238,4.141,21.21,5.096
1.21,1.99,6059,6.765,0.24,3.928,11.39,5.1
1.17,1.81,6170,4.369,0.06,3.994,17.23,5.1
1.115,1.328,6064,2.353,-0.048,4.238,31.43,5.115
1.159,1.944,6066,4.633,-0.264,3.923,20.91,5.139
1.205,1.746,6018,3.682,0.076,4.034,23.79,5.165
1.158,2.053,5977,4.637,-0.332,3.876,23.0,5.174
1.007,1.163,6230,1.834,-0.399,4.309,22.77,5.174
1.157,1.488,6020,3.112,-0.016,4.155,29.41,5.198
1.15,1.66,6192,4.49,0.06,4.061,9.44,5.2
1.17,1.796,6064,4.292,-0.109,3.998,14.65,5.253
1.057,1.19,6030,1.647,-0.077,4.311,26.86,5.256
1.2,1.833,5966,4.338,0.011,3.99,24.56,5.298
1.12,1.641,6189,3.367,-0.268,4.056,7.57,5.405
1.159,1.621,6074,3.33,-0.05,4.085,1.45,5.414
1.14,1.78,6125,2.777,0.0,3.996,17.75,5.5
1.14,1.55,6125,3.128,-0.22,4.112,34.7,5.5
1.186,1.952,5852,4.555,-0.047,3.929,21.02,5.604
1.033,1.298,6246,2.252,-0.372,4.224,22.32,5.627
1.159,1.393,5749,2.202,0.268,4.213,25.16,5.791
1.1355,1.5491,5964,2.61,0.0,4.1127,15.0,5.7927
1.157,1.414,5788,2.614,0.202,4.197,12.36,5.836
1.131,1.64,6072,3.318,-0.032,4.061,13.07,5.884
1.11,1.35,5952,2.284,0.18,4.215,19.53,6.0
1.18,1.88,5803,4.243,0.36,3.961,23.55,6.2
1.128,1.54,5926,2.849,0.021,4.119,23.61,6.344
1.1,1.93,5840,4.465,-0.26,3.907,17.71,6.5
1.131,1.501,5817,2.713,0.09,4.141,18.17,6.669
1.102,1.378,5803,2.351,0.125,4.201,22.25,6.907
1.121,1.778,5796,3.341,-0.01,3.987,25.57,6.92
1.151,1.605,5656,2.854,0.351,4.088,35.9,7.153
1.0513,1.3481,5805,1.838,0.08,4.2,20.49,7.2282
1.079,1.388,5850,2.207,0.037,4.187,45.97,7.256
1.121,1.521,5738,3.181,0.197,4.127,11.84,7.289
1.07,1.56,5959,3.277,0.24,4.081,19.8,7.3
1.065,1.676,5777,2.977,-0.126,4.017,28.38,7.939
1.086,1.603,5784,2.619,-0.114,4.063,43.4168,8.027
1.089,1.57,5688,2.791,0.139,4.082,27.43,8.288
1.063,1.538,5761,2.673,0.019,4.089,45.16,8.381
1.077,1.483,5659,2.162,0.197,4.128,24.87,8.685
0.7512,0.7684,5309,0.437,-0.54,4.5422,17.97,10.3904
0.98,1.39,5723,2.351,0.38,4.145,32.54,10.7
0.94,1.29,5817,2.059,0.24,4.193,25.74,10.7
0.866,1.148,5982,1.73,-0.517,4.255,36.15,10.7
0.789,0.857,5378,0.7271,-0.474,4.469,33.72,13.62
0.85,1.08,5648,4.802,0.32,4.306,32.61,13.8
